{"name":"build-javascript","namedChunkGroups":{"polyfill":{"name":"polyfill","assets":[{"name":"webpack-runtime-e3fcc4eac25f3a3ca8ca.js","size":5307},{"name":"polyfill-305c7f60ad173622a7da.js","size":85844}],"filteredAssets":0,"assetsSize":91151,"filteredAuxiliaryAssets":2,"auxiliaryAssetsSize":228740},"app":{"name":"app","assets":[{"name":"webpack-runtime-e3fcc4eac25f3a3ca8ca.js","size":5307},{"name":"framework-898ead7c47c18082238e.js","size":130476},{"name":"app-627b4bca6a85a235b524.js","size":148135}],"filteredAssets":0,"assetsSize":283918,"filteredAuxiliaryAssets":3,"auxiliaryAssetsSize":933084},"component---src-pages-404-js":{"name":"component---src-pages-404-js","assets":[{"name":"component---src-pages-404-js-955a8651c07bd7538c77.js","size":810}],"filteredAssets":0,"assetsSize":810,"filteredAuxiliaryAssets":1,"auxiliaryAssetsSize":1884},"component---src-pages-index-js":{"name":"component---src-pages-index-js","assets":[{"name":"framework-898ead7c47c18082238e.js","size":130476},{"name":"styles.9e392da83c9dfe2f7c62.css","size":183484},{"name":"cb1608f2-4f41ec1fef83e1c714d8.js","size":1539},{"name":"component---src-pages-index-js-67202cec8d14eabaf8d6.js","size":391950}],"filteredAssets":0,"assetsSize":707449,"filteredAuxiliaryAssets":4,"auxiliaryAssetsSize":2594833}},"assetsByChunkName":{"polyfill":["webpack-runtime-e3fcc4eac25f3a3ca8ca.js","polyfill-305c7f60ad173622a7da.js"],"app":["webpack-runtime-e3fcc4eac25f3a3ca8ca.js","framework-898ead7c47c18082238e.js","app-627b4bca6a85a235b524.js"],"component---src-pages-404-js":["component---src-pages-404-js-955a8651c07bd7538c77.js"],"component---src-pages-index-js":["framework-898ead7c47c18082238e.js","styles.9e392da83c9dfe2f7c62.css","cb1608f2-4f41ec1fef83e1c714d8.js","component---src-pages-index-js-67202cec8d14eabaf8d6.js"]},"childAssetsByChunkName":{}}