{"name":"build-javascript","namedChunkGroups":{"polyfill":{"name":"polyfill","assets":[{"name":"webpack-runtime-9ef6d622253eae7fc983.js","size":5307},{"name":"polyfill-305c7f60ad173622a7da.js","size":85844}],"filteredAssets":0,"assetsSize":91151,"filteredAuxiliaryAssets":2,"auxiliaryAssetsSize":228740},"app":{"name":"app","assets":[{"name":"webpack-runtime-9ef6d622253eae7fc983.js","size":5307},{"name":"framework-898ead7c47c18082238e.js","size":130476},{"name":"app-c728fd1e7785670971b6.js","size":148086}],"filteredAssets":0,"assetsSize":283869,"filteredAuxiliaryAssets":3,"auxiliaryAssetsSize":932871},"component---src-pages-404-js":{"name":"component---src-pages-404-js","assets":[{"name":"component---src-pages-404-js-955a8651c07bd7538c77.js","size":810}],"filteredAssets":0,"assetsSize":810,"filteredAuxiliaryAssets":1,"auxiliaryAssetsSize":1884},"component---src-pages-index-js":{"name":"component---src-pages-index-js","assets":[{"name":"framework-898ead7c47c18082238e.js","size":130476},{"name":"styles.cbbc82d62a8a4277831a.css","size":180017},{"name":"cb1608f2-4f41ec1fef83e1c714d8.js","size":1539},{"name":"component---src-pages-index-js-6447de6adae75d7fabf9.js","size":392013}],"filteredAssets":0,"assetsSize":704045,"filteredAuxiliaryAssets":4,"auxiliaryAssetsSize":2594922}},"assetsByChunkName":{"polyfill":["webpack-runtime-9ef6d622253eae7fc983.js","polyfill-305c7f60ad173622a7da.js"],"app":["webpack-runtime-9ef6d622253eae7fc983.js","framework-898ead7c47c18082238e.js","app-c728fd1e7785670971b6.js"],"component---src-pages-404-js":["component---src-pages-404-js-955a8651c07bd7538c77.js"],"component---src-pages-index-js":["framework-898ead7c47c18082238e.js","styles.cbbc82d62a8a4277831a.css","cb1608f2-4f41ec1fef83e1c714d8.js","component---src-pages-index-js-6447de6adae75d7fabf9.js"]},"childAssetsByChunkName":{}}